Symbol,LastSale
TFSC,9.89
TFSCR,0.27
TFSCU,10.2
TFSCW,0.16
PIH,6.52
FLWS,7.49
FCTY,11.11
FCCY,12.4
SRCE,33.61
VNET,14.45
TWOU,26.86
JOBS,28.86
CAFD,14.72
EGHT,12.6
AVHI,11.59
SHLM,24.89
AAON,27.37
ABAX,44.59
ABY,17.95
ABEO,2.49
ABEOW,0.7
ABIL,2.77
ABMD,97.28
AXAS,1.03
ACIA,29.38
ACTG,4.98
ACHC,57.03
ACAD,34.04
ACST,1.2929
AXDX,11.5
XLRN,33.68
ANCX,19.3
ARAY,5.24
VXDN,4.91
VXUP,5.885
ACRX,3.21
ACET,21.24
AKAO,2.84
ACHN,8.42
ACIW,19.37
ACRS,20.35
ACNB,23.47
ACOR,26.31
ACTS,1.52
ACPW,0.534
ATVI,37.53
ACTA,8.85
ACUR,2.35
ACXM,19.99
ADMS,15.83
ADMP,8.29
ADAP,10.11
ADUS,19.09
AEY,1.68
IOTS,3.5
ADMA,6.38
ADBE,96.88
ADTN,18.52
ADRO,10.47
AAAP,27.87
AEIS,35.54
AITP,n/a
AMD,3.87
ADXS,7.94
ADXSW,5.25
ADVM,4.09
MAUI,23.42
YPRO,23.3858
AEGR,1.73
AEGN,19.48
AGLE,7.46
AEHR,1.08
AMTX,2.56
AEPI,60.6
AERI,15.24
AVAV,28
AEZS,3.45
AEMD,4.71
AFMD,3.25
AGEN,3.65
AGRX,6.9
AGYS,10.8
AGIO,45.44
AGFS,4.85
AGFSW,0.6892
AIMT,14.25
AIRM,34.15
AIRT,24.91
ATSG,12.72
AMCN,4.32
AIXG,5.48
AKAM,51.73
AKTX,14.713
AKBA,8.25
AKER,1.73
AKRX,30.55
ALRM,21.49
ALSK,1.83
AMRI,13.72
ABDC,11.89
ADHD,4.6
ALDR,27.96
ALDX,5.25
ALXN,142.52
ALXA,0.92
ALCO,28.94
ALGN,77.43
ALIM,1.52
ALJJ,4.17
ALKS,42.98
ABTX,23.44
ALGT,140.03
AFOP,18.5
AIQ,7.26
AHGP,17.42
ARLP,14.9
AHPI,0.6299
AMOT,21.55
ALQA,1.29
ALLT,4.84
MDRX,13.12
AFAM,42.54
ALNY,55.11
AOSL,12.91
GOOG,709.74
GOOGL,721.71
SMCP,20.4799
ATEC,0.185
ASPS,25.96
AIMC,26.39
AMAG,18.96
AMRN,1.72
AMRK,16.48
AYA,13.8
AMZN,702.8
AMBC,16.44
AMBCW,7.12
AMBA,38.65
AMCX,65.46
DOX,56.76
AMDA,1.46
AMED,50.41
UHAL,368.25
ATAX,5.33
AMOV,12.5
AAL,32.01
AGNC,18.77
AGNCB,25.06
AGNCP,25.61
MTGE,15.19
MTGEP,24.8728
ACSF,9.91
ACAS,15.62
AETI,2.53
AMIC,21.8801
AMNB,26.37
ANAT,119.14
APEI,26.77
ARII,39.16
AMRB,10.51
ASEI,30.05
AMSWA,9.3
AMSC,10.57
AMWD,75.61
CRMT,23.25
ABCB,30.9
AMSF,58.79
ASRV,3.02
ASRVP,27.02
ATLO,24.55
AMGN,150.18
FOLD,6.84
AMKR,5.82
AMPH,15.43
IBUY,23.93
AMSG,73.02
AMSGP,138.22
ASYS,5.81
AFSI,26.76
AMRS,0.541
ANAC,99.66
ADI,56.54
ALOG,80.94
AVXL,4.43
ANCB,23.8635
ANDA,9.67
ANDAR,0.16
ANDAU,10.07
ANDAW,0.1101
ANGI,8.81
ANGO,11.68
ANIP,49.54
ANIK,45.96
ANSS,86.25
ATRS,0.8621
ANTH,3.6
ABAC,0.68
ZLIG,n/a
APIC,10.63
APOG,44
APOL,9.22
AINV,5.21
AMEH,5.75
APPF,13.43
AAPL,95.22
ARCI,1.16
APDN,2.78
APDNW,1.1401
AGTC,15.58
AMAT,22.66
AMCC,6.18
AAOI,9.12
AREX,2.56
APRI,0.385
APTO,2.71
AQMS,10.5
AQXP,6.65
AUMA,9.89
AUMAU,9.95
AUMAW,0.066
ARDM,4.31
ARLZ,3.89
PETX,6.16
ABUS,4.08
ARCW,2.24
ABIO,3.5
RKDA,1.19
ARCB,16.51
ACGL,71.26
APLP,14.45
ACAT,14.24
ARDX,7.86
ARNA,1.57
ARCC,15.19
AGII,58.5
AGIIL,25.83
ARGS,5.96
ARIS,3.8
ARIA,7.75
ARKR,20.161
ARMH,40.82
ARTX,2.76
ARWA,10.02
ARWAR,0.2
ARWAU,10.2
ARWAW,0.0844
ARQL,1.62
ARRY,3.31
ARRS,22.23
DWAT,9.88
AROW,28.35
ARWR,5.42
ARTNA,27.5
ARTW,3.0514
PUMP,n/a
ASBB,25.4
ASNA,7.23
ASND,14.11
ASCMA,17.45
APWC,2.52
ASML,95.48
AZPN,36.93
ASMB,5.3
ASFI,10.42
ASTE,51.49
ALOT,14.73
ATRO,36.01
ASTC,1.58
ASUR,4.98
ATAI,4.88
ATRA,16.84
ATHN,123.14
ATHX,2.23
AAPC,10.36
AAME,3.32
ACBI,14.03
ACFC,6.31
ATNI,72.08
ATLC,3.12
AAWW,43.91
AFH,17.51
TEAM,22.69
ATOS,0.2626
ATRC,14.15
ATRI,397.85
ATTU,8.03
LIFE,3.15
AUBN,29
AUDC,3.79
AUPH,2.48
EARS,3.27
ABTL,13.54
ADSK,56.19
AGMX,n/a
ADP,85.47
AVNU,19.49
AVEO,0.88
AVXS,38.61
AVNW,0.58
AVID,5.62
AVGR,11.34
AVIR,1.6
CAR,27.34
AWRE,4.11
ACLS,2.42
AXGN,5.45
AXSM,10.3
AXTI,3.22
BCOM,27.5024
RILY,9.91
BOSC,2.02
BEAV,46.58
BIDU,170.05
BCPC,57.48
BWINA,23.5
BWINB,23.79
BLDP,1.35
BANF,60.86
BANFP,26.6263
BKMU,7.77
BOCH,6.23
BMRC,49.2
BKSC,15.7
BOTJ,11.9901
OZRK,37.65
BFIN,12.61
BWFG,21.65
BANR,43.66
BZUN,5.73
BHAC,9.95
BHACR,0.2
BHACU,10.15
BHACW,0.0603
BBSI,28.08
BSET,27.16
BYBK,4.96
BV,3.55
BBCN,15.68
BCBP,10.25
BECN,42.25
BSF,9.01
BBGI,4.4499
BEBE,0.3598
BBBY,42.67
BGNE,26.92
BELFA,14.73
BELFB,17.16
BLPH,1.26
BLCM,10.16
BNCL,13.59
BNFT,35.11
BNTC,1.65
BNTCW,0.4491
BGCP,8.9
BGFV,8.61
BIND,0.4101
ORPN,1.78
BASI,0.93
BIOC,0.6963
BCRX,3.32
BIOD,0.39
BDSI,1.95
BIIB,263.66
BIOL,1.13
BLFS,1.47
BOLT,n/a
BLRX,0.912
BMRN,86.45
BVXV,3.5
BVXVW,0.5
BPTH,2.67
BIOS,2.48
BBC,18.95
BBP,25.906
BSTC,35.07
BSTG,1.51
BSPM,1.3018
TECH,104.42
BEAT,15.6
BITI,26.43
BDMS,13.2
BJRI,43.16
BBOX,12.6
BDE,4.19
BLKB,59.42
BBRY,6.81
HAWK,32.44
BKCC,7.38
ADRA,25.111
ADRD,19.782
ADRE,29.83
ADRU,19.586
BLMN,18.51
BCOR,8.46
BLBD,9.95
BUFF,26.05
BHBK,14.77
NILE,25.26
BLUE,40.6
BKEP,5.24
BKEPP,6.61
BPMC,18.02
ITEQ,23.0179
STCK,18.04
BNCN,22.88
BOBE,46.53
BOFI,17.63
BOFIL,24.86
WIFI,6.92
BOJA,16.83
BOKF,60.84
BNSO,1.3838
BPFH,12.19
BPFHP,25.77
BPFHW,5.46
EPAY,24.16
BLVD,9.66
BLVDU,9.8
BLVDW,0.33
BOXL,n/a
BCLI,2.21
BBRG,6.87
BBEP,0.074
BBEPP,0.3202
BDGE,29.1
BLIN          ,0.75
BRID,12.7822
BCOV,6.27
AVGO,146.73
BSFT,41.08
BVSN,6.7405
BYFC,1.89
BWEN,3.48
BRCD,7.97
BRKL,11.305
BRKS,10.03
BRKR,26.17
BMTC,28.93
BLMT,21.94
BSQR,5.18
BWLD,140.36
BLDR,11.64
BMLA,24.816
BUR,2.22
CFFI,39.9
CHRW,74.32
CA,31.31
CCMP,40.72
CDNS,24.55
CDZI,5.8
CACQ,8.75
CZR,6.85
CSTE,40.33
PRSS,3.13
CLBS,0.5701
CLMS,7.44
CHY,10.1
CHI,9.52
CCD,17.3
CFGE,9.9105
CHW,6.94
CGO,10.76
CSQ,9.64
CAMP,14.56
CVGW,56.15
CFNB,14.95
CALA,4.39
CALD,17.46
CALM,45.45
CLMT,3.63
ABCD,4.52
CAC,42.62
CAMT,1.91
CSIQ,18.06
CGIX,2.08
CPHC,10.4
CPLA,51.83
CBF,29.91
CCBG,15.28
CPLP,2.63
CSWC,13.65
CPTA,13.39
CLAC,9.62
CLACU,9.97
CLACW,0.32
CFFN,13.36
CAPN,1.28
CAPNW,0.25
CAPR,3.2729
CPST,1.45
CARA,5.8
CARB,9.05
CBYL,0.9412
CRDC,2.66
CFNL,21.81
CRME,5.1
CSII,15.29
CATM,37.15
CDNA,4.18
CECO,5.76
CTRE,13.02
CKEC,29.8
CLBH,15.75
CARO,18.91
CART,6
CRZO,37.66
TAST,12.48
CRTN,1.38
CARV,3.925
CASM,1.83
CACB,5.62
CSCD,20.5
CWST,7
CASY,116.42
CASI,1.18
CASS,47.51
CATB,5.56
CBIO,1.43
CPRX,0.6
CATY,30.11
CATYW,8.57
CVCO,94.25
CAVM,47.2
CBFV,21.09
CNLM,10.1101
CNLMR,0.08
CNLMU,10.2112
CNLMW,0.05
CBOE,63.73
CDK,52.9
CDW,42.69
CECE,7.79
CPXX,16.9
CELG,101.46
CELGZ,1.17
CLDX,4.03
CLRB,3.45
CLRBW,0.61
CLRBZ,0.92
CLLS,30.78
CBMG,15.52
CLSN,1.42
CYAD,48.2
CEMP,15.76
CETX,2.18
CSFL,15.58
CETV,2.35
CFBK,1.35
CENT,18.16
CENTA,17.61
CVCY,13.72
CFCB,16.9894
CENX,6.36
CNBKA,42.4
CNTY,5.86
CPHD,26.83
CRNT,1.489
CERC,3.21
CERCW,0.84
CERCZ,0.699
CERE,0.208
CERN,54.56
CERU,2.3
CERS,5.2
KOOL,3.14
CEVA,26.2
CFCO,n/a
CFCOU,9.99
CSBR,3.85
CYOU,17.79
HOTR,0.58
HOTRW,0.0336
CTHR,1.01
GTLS,24.47
CHTR,233.11
CHFN,13.22
CHKP,83.45
CHEK,2.06
CHEKW,0.5
CEMI,9.1
CHFC,38.1
CCXI,4.28
CHMG,30.8
CHKE,14.35
CHEV,15.01
CHMA,2.86
CBNK,17.7
PLCE,74.61
CMRX,4.71
CADC,2.73
CALI,1.0833
CAAS,3.97
CBAK,2.55
CBPO,113.75
CCCL,0.3
CCCR,0.38
CCRC,7.8
JRJC,4.2
HGSH,1.78
CNIT,1.22
CJJD,1.6
HTHT,33.78
CHNR,1.6407
CREG,0.26
CNTF,2.37
CXDC,3.58
CNYD,2.99
CCIH,8.34
CNET,0.615
IMOS,17.72
CDXC,5.28
CHSCL,28
CHSCM,27.21
CHSCN,28.16
CHSCO,28.55
CHSCP,32.261
CHDN,125
CHUY,31.9
CDTX,11.49
CIFC,7.05
CMCT,18.65
CMPR,93.81
CINF,68.16
CIDM,1.34
CTAS,92.05
CPHR,5.88
CRUS,33.31
CSCO,27.97
CTRN,15.87
CZNC,20.04
CZWI,9.11
CZFC,14.2501
CIZN,21.57
CTXS,83.21
CHCO,47.88
CIVB,11.6
CIVBP,38.4703
CDTI,0.355
CLNE,2.96
CLNT,0.97
CLFD,17.18
CLRO,11.03
CLIR,4.01
CBLI,2.14
CSBK,14.81
CLVS,14.5
CMFN,7.87
CME,96.45
CCNE,17.81
CISG,7.2
CNV,5.03
CWAY,12.58
COBZ,12.32
COKE,128.7
CDRB,2.16
CDXS,3.54
CVLY,21.59
JVA,3.54
CCOI,38.38
CGNT,0.9008
CGNX,40.11
CTSH,62.94
COHR,87.47
CHRS,19.5
COHU,11.34
CLCT,18.9
COLL,16.99
CIGI,38.64
CBAN,9.56
CLCD,5.88
COLB,29.435
COLM,53.09
CMCO,14.81
CBMX,3.09
CBMXW,1.335
CMCSA,61.76
CBSH,48.07
CBSHP,27.6
CUBN,15.43
CVGI,3.5
COMM,29.88
CSAL,23.9
JCS,6.25
ESXB,5.08
CCFI,n/a
CYHHZ,0.0041
CTBI,35.45
CWBC,7.33
COB,13.02
CVLT,44.28
CGEN,6.84
CPSI,41.18
CTG,4.93
SCOR,28.7
CHCI,1.7235
CMTL,22.91
CNAT,2.23
CNCE,12.76
CXRX,30.65
CCUR,5.8
CDOR,1.91
CFMS,6.49
CONG,n/a
CNFR,6.55
CNMD,39.2
CTWS,46.85
CNOB,15.85
CNXR,1.37
CONN,11.58
CNSL,24.46
CWCO,13.32
CPSS,3.79
CFRX,2.45
CFRXW,0.22
CTRV,0.825
CTRL,7.56
CPRT,43.43
COYN,1.76
COYNW,0.44
CRBP,2.71
CORT,5.35
BVA,5.03
CORE,82.98
CORI,3.79
CSOD,37.11
CRVL,46.73
CRVS,14.03
COSI,0.4999
CSGP,197.64
COST,142.69
CPAH,2.15
ICBK,20.55
CVTI,19.84
COVS,1.53
COWN,3.13
COWNL,25.89
PMTS,3.78
CPSH,1.8
CRAI,22.8
CBRL,146.75
BREW,7.73
CRAY,31.58
CACC,176.88
GLDI,10.56
CREE,23.25
CRESY,10.63
CRTO,45.27
CROX,9.24
CCRN,13.47
XRDC,2.26
CRDS,0.1835
CRWS,9.23
CYRX,2.09
CYRXW,0.6
CSGS,41.62
CCLP,9.06
CSPI,7.42
CSWI,32.51
CSX,25.82
CTIC,0.454
CTIB,6.89
CTRP,43.39
CUNB,22.95
CUI,5.86
CPIX,4.51
CMLS,0.3139
CRIS,1.65
CUTR,10.03
CVBF,16.85
CVV,7.36
CYAN,5.05
CYBR,42.9
CYBE,16.97
CYCC,0.3587
CYCCP,4.6
CBAY,2.41
CYNA,12.11
CYNO,47.47
CY,9.69
CYRN,1.8799
CONE,48.8
CYTK,7.65
CTMX,10.1
CYTX,2.97
CTSO,4.29
CYTR,2.58
DJCO,196.96
DAKT,7.51
DAIO,2.42
DTLK,7.92
DRAM,0.73
DWCH,5.2
PLAY,37.84
DTEA,11.16
DWSN,6.28
DBVT,29.99
DHRM,1.5101
DFRG,14.8
TACO,9.24
TACOW,2.0001
DCTH,0.3395
DGAS,25.37
DELT,0.73
DELTW,0.115
DENN,10.495
XRAY,60.96
DEPO,19.92
DSCI,3.89
DERM,30.87
DEST,5.49
DXLG,5
DSWL,1.6299
DTRM,1.26
DXCM,63.82
DHXM,4.89
DHIL,175.69
FANG,87.02
DCIX,0.68
DRNA,3.75
DFBG,3.874
DGII,11.01
DMRC,26.59
DRAD,5.11
DGLY,3.57
APPS,0.8
DCOM,18.18
DMTX,7.19
DIOD,17.82
DPRX,11.45
DISCA,26.17
DISCB,26.719
DISCK,25.17
DISH,46.49
DVCR,8.01
SAUC,1.6
DLHC,4.23
DNBF,27.432
DLTR,76.89
DGICA,15.52
DGICB,14
DMLP,12.42
DORM,52.07
EAGL,9.65
EAGLU,9.85
EAGLW,0.27
DDAY,0.36
DRWI,4.63
DRWIW,0.018
DWA,40.07
DRYS,2.18
DSKX,0.6699
DSPG,10.27
CADT,10.182
CADTR,0.206
CADTU,11.4
CADTW,0.06
DTSI,23.56
DLTH,23.03
DNKN,43.58
DRRX,1.16
DXPE,12.88
BOOM,10.2
DYSL,1.531
DYNT,2.6684
DVAX,15.71
ETFC,26.69
EBMT,12.84
EGBN,49.74
EGLE,0.528
EGRX,46.32
ELNK,6.23
EWBC,37.54
EACQ,9.7001
EACQU,9.9
EACQW,0.35
EML,16.12
EVBS,7.27
EVGBC,100.03
EVSTC,100.01
EVLMC,100.05
EBAY,23.65
EBAYL,26.17
EBIX,44.49
ELON,4.56
ECHO,22.48
ECTE,1.6036
SATS,39.95
EEI,10.8399
ECAC,10.08
ECACR,0.26
ECACU,10.3
ESES,2.26
EDAP,3.28
EDGE,8.34
EDGW,8.52
EDIT,33.25
EDUC,12.64
EFUT,5.99
EGAN,3.05
EGLT,5.35
EHTH,14.1
EIGR,19.94
LOCO,10.77
EMITF,0.9079
ESLT,91.93
ERI,13.66
ELRC,10.25
ESIO,6.96
EA,73.11
EFII,42.23
ELSE,3.26
ELEC,9.7
ELECU,10.01
ELECW,0.22
EBIO,1.11
RDEN,7.52
CAPX,23.43
ESBK,19.34
LONG,17.94
ELTK,0.89
EMCI,25.92
EMCF,23.885
EMKR,5.29
EMMS,0.53
NYNY,17.64
ERS,3.5
ENTA,23.74
ECPG,26.56
WIRE,37.21
ENDP,15.44
ECYT,3.55
ELGX,12.25
EIGI,8.96
WATT,9.58
EFOI,6.17
ERII,10.88
ENOC,6.84
ENG,1.1
ENPH,1.85
ESGR,155.79
ENFC,17.39
ENTG,13.5
ENTL,16.44
ETRM,0.68
EBTC,22.7
EFSC,27.49
EGT,1.86
ENZY          ,8.14
EPIQ,14.09
EPRS,0.5626
EPZM,9.94
PLUS,83.76
EQIX,345
EQFN,8.16
EQBK,22
EAC           ,0.99
ERIC,7.58
ERIE,96.92
ESCA,10.68
ESMC,0.776
ESPR,15.08
ESSA,13.5
EPIX,3.35
ESND,29.46
ESSF,n/a
ETSY,8.38
CLWT,2.1
EEFT,77.85
ESEA,2.4
EVEP,2.4
EVK,1.5899
EVLV,0.9977
EVOK,5.48
EVOL,5.33
EXA,13.07
EXAS,5.57
EXAC,24.85
EXEL,5.56
EXFO,3.9
EXLS,49.12
EXPE,110.49
EXPD,48.43
EXPO,50.38
ESRX,72.87
EXTR,3.51
EYEG,3.11
EYEGW,0.64
EZPW,6.27
FFIV,106.64
FB,117.35
FCS,19.9
FRP,13.58
FALC,1.25
DAVE,5.18
FARM,27.92
FFKT,27.07
FMNB,9.15
FARO,33.63
FAST,44.86
FATE,1.51
FBSS,15
FBRC,19.82
FDML,8.4
FNHC,21.45
FEIC,88.31
FHCO,1.25
FENX,4.02
GSM,8.42
FCSC,2.09
FGEN,18.04
ONEQ,187.61
LION,15.93
FDUS,15.23
FRGI,24.17
FSAM,4.04
FSC,5.02
FSCFL,25.4
FSFR,7.46
FITB,18.28
FITBI,30.21
FNGN,26.43
FISI,27.85
FNSR,15.61
FNJN,1.35
FNTC,10
FNTCU,10.67
FNTCW,0.7525
FEYE,13.79
FBNC,19.36
FNLC,19.5
FRBA,6.73
BUSE,21.23
FBIZ,24.21
FCAP,31
FCFS,44.12
FCNCA,252.42
FCLF,11.8
FCBC,21.33
FCCO,14.1
FCFP,8.95
FBNK,16.23
FDEF,39.36
FFBC,19.25
FFBCW,7.37
FFIN,32.58
THFF,35.96
FFNW,13.72
FFWM,22.14
FGBI,16
INBK,23.96
FIBK,27.87
FRME,25.42
FMBH,25.7
FMBI,18.08
FNBC,18.37
FNFG,10.67
FNWB,13.4
FSFG,35.6
FSLR,48.02
FSBK,8.9
FAAR,30
FPA,26.371
BICK,19.152
FBZ,11.033
FCAN,22.92
FTCS,38.96
FCA,17.81
FDT,45.77
FDTS,32.3501
FVC,20.19
FV,21.55
IFV,17.04
FEM,17.95
FEMB,40.75
FEMS,27.72
FTSM,59.91
FEP,29.03
FEUZ,31.2124
FGM,36.1087
FTGC,21.02
FTHI,19.44
HYLS,47.6
FHK,30.1
FTAG,20.64
FTRI,10.3709
FPXI,25.42
YDIV,16.395
SKYY,29.82
FJP,46.19
FEX,44.0459
FTC,48.18
FTA,39.63
FLN,14.87
FTLB,19.2401
LMBS,51.4299
FMB,53.25
FMK,26.02
FNX,49.29
FNY,28.74
FNK,27.88
FAD,49.15
FAB,42.18
MDIV,19.03
QABA,38.62
QCLN,14.0701
GRID,35.12
CIBR,16.65
CARZ,31.6418
RDVY,20.4033
FONE,35.144
TDIV,25.5
QQEW,41.21
QQXT,38.46
QTEC,41.89
AIRR,17.54
QINC,21.39
RFAP,50.73
RFDI,50.59
RFEU,50.3728
FTSL,48.03
FYX,44.63
FYC,29.91
FYT,27.9
FKO,22.4
FCVT,24.08
FDIV,48.8671
FSZ,39.82
FTW,27.2699
TUSA,24.2601
FKU,38.06
FUNC,10.71
SVVC,7.45
FMER,22.46
FSV,45.56
FISV,102.44
FIVE,38.43
FPRX,43.19
FIVN,9.79
FLML,9.83
FLKS,12.43
FLXN,10.49
SKOR,51.2225
LKOR,52.66
MBSD,24.78
ASET,26.06
QLC,25.45
FLXS,40.43
FLEX,12.36
FLIR,29.94
FLDM,8.65
FFIC,20.1
FOMX,6.8
FOGO,13.74
FONR,16.07
FES,0.39
FH,1.78
FORM,6.93
FORTY,33.5
FORR,36.22
FTNT,33.71
FBIO,2.76
FWRD,43.58
FORD,1.23
FWP,19.96
FOSL,27.22
FMI,17.25
FXCB,19.58
FOXF,15.79
FRAN,10.56
FELE,31.85
FRED,13.36
RAIL,14.88
FEIM,9.9
FRPT,8.99
FTR,5.01
FTRPR,95.51
FRPH,30.93
FSBW,24.85
FTD,26.52
FSYS,5.16
FTEK,1.56
FCEL,6.18
FORK,2.3
FULL,2.66
FULLL,25.505
FLL,1.63
FULT,13.77
FSNN,1.38
FFHL,0.95
GK,72.76
WILC,3.69
GAIA,7.53
GLPG,54.03
GALT,1.52
GALTU,4.19
GALTW,0.3499
GALE,1.52
GLMD,4.83
GLPI,32.74
GPIC,9.02
GRMN,40.29
GGAC,9.53
GGACR,0.0601
GGACU,10.01
GGACW,0.03
GARS,9.94
GCTS,n/a
GENC,14.29
GNCMA,15.1
GFN,4.35
GFNCP,80.845
GFNSL,23.2
GENE,2.2599
GNMK,6.56
GNCA,4.01
GHDX,25.19
GNST,n/a
GNTX,15.86
THRM,35.46
GNVC,0.61
GTWN,20.9
GEOS,17.21
GABC,31.59
GERN,2.82
GEVO,0.316
ROCK,28.44
GIGM,2.63
GIGA,1.11
GIII,37.4
GILT,4.5001
GILD,82.64
GBCI,26.14
GLAD,7.02
GLADO,24.9699
GOOD,16.35
GOODN,25.1201
GOODO,25.06
GOODP,25.1199
GAIN,6.75
GAINN,24.724
GAINO,25.2
GAINP,25.73
LAND,10.24
GLBZ,10.67
GBT,20.64
ENT,6.82
GBLI,30.36
GBLIZ,24.52
GPAC,9.67
GPACU,9.75
GPACW,0.18
SELF,4.65
GSOL,8.79
GWRS,7.5
ACTX,12.87
BFIT,14.84
LNGR,15
MILN,14.671
QQQC,19.48
CATH,24.67
SOCL,18.95
ALTY,14.4999
SRET,14.22
YLCO,10.74
GBIM,1.32
GLBS,0.61
GLRI,0.1705
GLUU,2.48
GLYC,7.38
GOGO,9.74
GLNG,17.35
GMLP,17.29
GLDC,5.53
GDEN,12.09
GOGL,0.7067
GBDC,16.84
GTIM,2.85
GPRO,9.15
GMAN,1.88
GRSH,9.68
GRSHU,9.92
GRSHW,0.21
GPIA,9.88
GPIAU,10.15
GPIAW,0.68
LOPE,41.47
GRVY,4.53
GBSN,2.3
GLDD,4.38
GSBC,38.19
GNBC,8.17
GRBK,7.18
GPP,13.57
GPRE,17.76
GCBC,17.83
GLRE,19.68
GRIF,28.97
GRFS,14.84
GRPN,3.45
OMAB,45.24
GGAL,27.1
GSIT,3.77
GSVC,5.03
GTXI,0.7
GBNK,16.13
GFED,16.02
GUID,5.26
GIFI,6.68
GURE,1.5
GPOR,29.28
GWPH,84.48
GWGH,6.73
GYRO,28.22
HEES,18.66
HLG,8.3
HNRG,4.25
HALL,10.41
HALO,9.15
HBK,14.15
HMPR,1.7
HBHC,26.53
HBHCL,25.5955
HNH,24.61
HAFC,23.1
HNSN,4
HQCL,12.12
HDNG,10.65
HLIT,2.62
HRMN,10
HRMNU,10.1
HRMNW,0.21
TINY,1.67
HBIO,3.28
HCAP,12.97
HCAPL,25.364
HAS,84.39
HA,41.31
HCOM,21.53
HWKN,38.61
HWBK,14.61
HAYN,26.05
HDS,33.38
HIIQ,6.64
HCSG,37.3
HQY,23.47
HSTM,22.56
HWAY,11.845
HTLD,17.91
HTLF,33.99
HTWR,28.49
HTBX,0.535
HSII,18.27
HELE,95.25
HMNY,1.35
HMTV,10.95
HNNA,32.66
HCAC,9.82
HCACU,10.2
HCACW,0.4
HSIC,170.75
HERO,1.83
HTBK,10.34
HFWA,17.9
HEOP,8.1
HCCI,10.32
MLHR,30.54
HRTX,19.47
HSKA,36.49
HIBB,34.5
HPJ,1.89
HIHO,4.5114
HIMX,8.89
HIFS,130.81
HSGX,1.81
HMNF,12.35
HMSY,15.92
HOLI,16.74
HOLX,33.34
HBCP,28.15
HOMB,41.71
HFBL,22.2
HMST,20.07
HTBI,18.35
CETC,0.331
HOFT,24.03
HFBC,11.21
HBNC,24.02
HZNP,15.19
HRZN,11.69
HDP,10.71
HMHC,16.87
HWCC,5.29
HOVNP,2.65
HBMD,12.51
HSNI,49.66
HTGM,2.87
HUBG,38.93
HSON,2.25
HDSN,3.33
HBAN,10.23
HBANO,25.9
HBANP,1377
HURC,30.73
HURN,56.52
HTCH,3.57
HCM,12.32
HBP,4.69
HDRA,9.9
HDRAR,0.26
HDRAU,10.16
HDRAW,0.25
HYGS,7.11
IDSY,5.04
IAC,54.34
IKGH,1.62
IBKC,60.47
IBKCP,26.0865
ICAD,5.28
IEP,55.03
ICFI,39.41
ICLR,65.6
ICON,7.51
ICUI,101.63
IPWR,3.95
INVE,2
IDRA,1.48
IDXX,88.97
DSKY,13.69
IROQ,18.3167
IRG,2.37
RXDX,6.33
IIVI,19.64
KANG,18.42
IKNX,10.8326
ILMN,140.51
ISNS,2.39
IMMR,6.12
ICCC,6.91
IMDZ,12.86
IMNP          ,0.272
IMGN,5.57
IMMU,4.14
IPXL,32
IMMY,3.91
INCR,44.23
SAAS,13.86
INCY,77.65
INDB,47.51
IBCP,14.8
IBTX,36.77
IDSA,2.36
INFN,12.35
INFI,4.83
IPCC,76.13
III,3.89
IFON,0.73
IMKTA,37.04
INWK,8.08
INNL,7.49
INOD,2.23
IPHS,36.9
IOSP,47.82
ISSC,2.78
INVA,11.09
INGN,45.6
ITEK,9.05
INOV,18.27
INO,10.45
NSIT,25.61
ISIG,2.24
INSM,11.2
IIIN,26.43
PODD,28.56
INSY,14.09
NTEC,3.69
IART,72.44
IDTI,22.02
IESC,13.31
INTC,30.15
IQNT,16.23
NTLA,27.14
IPCI,1.76
IPAR,28.75
IBKR,37.64
ININ,38.8
ICPT,134.28
ICLD,0.736
ICLDW,0.18
IDCC,55.58
TILE,16.56
LINK,9.04
IMI,1.87
INAP,2.13
IBOC,26.66
ISCA,32.58
IGLD,13.611
IIJI,10.64
IDXG,0.3101
XENT,13.24
INTX,2.35
ISIL,12.58
IILG,13.16
IVAC,4.8
INTL,26.86
INTLL,25.75
ITCI,35.23
IIN,5.25
INTU,103.03
ISRG,632.58
INVT,1.74
SNAK,6.62
ISTR,15.3
ISBC,11.71
ITIC,92.3
NVIV,6.46
IVTY,4.9
IONS,33.59
IPAS,1.15
IPGP,82.37
IRMD,18.27
IRIX,13.82
IRDM,8.7
IRDMB,319
IRBT,37.68
IRWD,11.42
IRCP,38.3
SLQD,50.54
TLT,130.15
AIA,40.8801
COMT,31.57
IXUS,49.15
IFEU,37.75
IFGL,29.1
IGF,39.5
GNMA,50.8527
JKI,122.9399
ACWX,39.27
ACWI,55.89
AAXJ,51.33
EWZS,8.8431
MCHI,40
SCZ,50.39
EEMA,48.62
EEML,28.29
EUFN,18.09
IEUS,45.2999
ENZL,41.29
QAT,18.73
UAE,16.28
IBB,264.18
SOXX,90.15
EMIF,29.03
ICLN,8.55
WOOD,46.86
INDY,26.35
ISHG,81.36
IGOV,96.79
MPCT,46.96
ISLE,14.98
ISRL,97.91
ITI,2.4
ITRI,41.91
ITRN,20.29
ITUS,3.09
XXIA,9.65
IXYS,10.3
IZEA,6.1
JJSF,102.81
MAYS,57.87
JBHT,81.28
JCOM,63.46
JASO,7.93
JKHY,83.06
JACK,74.32
JXSB,26.1
JAGX,1.4
JAKK,7.12
JMBA,11.2
JRVR,31.48
JSML,25.6299
JSMD,27.1499
JASN,3.93
JASNW,0.16
JAZZ,149.64
JD,23.45
JSYN,9.85
JSYNR,0.2
JSYNU,10.1
JSYNW,0.06
JBLU,18.11
JTPY,2.49
JCTCF,11.67
JIVE,3.85
WYIG,9.6601
WYIGU,9.8
WYIGW,0.19
JBSS,50.43
JOUT,24.48
JNP,7.2
JUNO,40.76
KTWO,10.69
KALU,84.23
KMDA,3.68
KNDI,6.65
KPTI,8.59
KBSF,0.2
KCAP,3.38
KRNY,12.87
KELYA,19.2
KELYB,19.45
KMPH,6.03
KFFB,8.8701
KERX,5.74
KEQU,16.43
KTEC,9.01
KTCC,7.49
KFRC,17.95
KE,11
KBAL,11.37
KIN,4.08
KGJI,1.6
KINS,9.08
KONE,2.3
KIRK,13.71
KITE,47
KTOV,5.19
KTOVW,1.42
KLAC,69.59
KLRE,9.9
KLREU,10.15
KLREW,0.1925
KLXI,34.99
KONA,11.31
KZ,5.5
KOPN,1.88
KRNT,9.02
KOSS,2.094
KWEB,33.21
KTOS,4.15
KUTV,0.97
KLIC,11.62
KURA,3.18
KVHI,7.83
FSTR,11.5
LJPC,15.5
DRIO,4.89
DRIOW,1.22
LSBK,13.5
LSBG,15.33
LBAI,11.22
LKFN,48.09
LAKE,8.14
LRCX,76.68
LAMR,63.28
LANC,118.14
LNDC,11.53
LARK,25.51
LMRK,15.71
LMRKP,25.2
LE,18.11
LSTR,66.24
LNTH,2.2
LTRX,1
LPSB,15.81
LSCC,5.33
LAWS,18.88
LAYN,8.48
LCNB,17.05
LDRH,21.08
LBIX,1.73
LGCY,2.49
LGCYO,5.2638
LGCYP,5.3
LTXB,25.92
DDBI,24.5899
EDBI,25.59
LVHD,26.71
UDBI,25.6341
LMAT,14.99
TREE,69.04
LXRX,12.44
LGIH,25.3
LHCG,41.97
LBRDA,59.57
LBRDK,59.4
LBTYA,36.39
LBTYB,35.76
LBTYK,35.73
LILA,39.91
LILAK,41.81
LVNTA,37.09
LVNTB,39.13
QVCA,26.02
QVCB,25.31
BATRA,15.64
BATRK,15.29
BATRR,2.52
LMCA,19.08
LMCK,18.78
LSXMA,31.51
LSXMB,33
LSXMK,31.31
TAX,10.22
LTRPA,21.78
LTRPB,22.035
LPNT,66.3
LCUT,13.71
LFVN,12.39
LWAY,9.48
LGND,118
LTBR,0.445
LPTH,1.72
LLEX,0.135
LIME,2.5014
LLNW,1.33
LMNR,14.81
LINC,1.59
LECO,59.01
LIND,9.84
LINDW,2.4981
LLTC,45.53
LNCO,0.1226
LINE,0.155
LBIO,5.46
LIOX,4.21
LPCN,7.83
LQDT,6.54
LFUS,109.1
LIVN,49.06
LOB,15.98
LIVE,1.57
LPSN,6.51
LKQ,31.42
LMFA,8.57
LMFAW,0.5
LMIA,8.8
LOGI,14.52
LOGM,58.98
EVAR,1.57
CNCR,22.03
LORL,35
LOXO,25.39
LPTN,0.1605
LPLA,25.29
LRAD,1.71
LYTS,11.43
LULU,62.49
LITE,22.46
LMNX,19.87
LMOS,13.02
LUNA,1.04
MBTF,8
MIII,n/a
MIIIU,n/a
MTSI,35.65
MCBC,7
MFNC,10.37
MCUR,1.08
MGNX,22.61
MAGS,4.5107
MGLN,65.08
MPET,1.31
MGIC,6.74
CALL,5.79
MNGA,0.8596
MGYR,10.1714
MHLD,12.59
MHLDO,48.12
MSFG,21.85
COOL,0.9021
MMYT,16.72
MBUU,13.09
MLVF,15.92
MAMS,6.1
MANH,63.06
LOAN,4.32
MNTX,6.35
MTEX,20.4
MNKD,0.9144
MANT,34.2
MAPI,n/a
MARA,2.25
MCHX,3.31
MARPS,5.15
MRNS,4.73
MKTX,134.43
MKTO,28.51
MRKT,34.28
MRLN,14.76
MAR,64.98
MBII,0.6523
MRTN,19.18
MMLP,21.98
MRVL,9.94
MASI,48.63
MTCH,13.94
MTLS,6.625
MTRX,15.76
MAT,30.55
MATR,3.64
MATW,51.67
MFRM,31.8
MXIM,36.45
MXPT,8.24
MXWL,5.68
MZOR,14.93
MBFI,34.9
MBFIP,27.102
MCFT,12.5
MGRC,27.45
MDCA,16.46
MFIN,7.42
MFINL,25.86
MTBC,1
MTBCP,27.05
MNOV,6.28
MDSO,43.05
MDGS,1.63
MDVN,60.56
MDWD,8
MDVX,1.2599
MDVXW,0.054
MEET,3.24
MEIP,1.35
MPEL,14.3
MLNX,42.54
MELR,15.42
MEMP,2.29
MRD,15.03
MENT,20.8
MTSL,1.05
MELI,133.89
MBWM,23.78
MERC,8.91
MBVT,28.66
MRCY,20.64
EBSB,14.79
VIVO,18.82
MMSI,19
MACK,6.54
MSLI,1.31
MRUS,10
MLAB,102.34
MESO,7.07
CASH,48.84
MBLX,0.82
MEOH,30.46
MFRI,7
MGCD,5.6
MGEE,50.36
MGPI,26.93
MCHP,48.82
MU,10.8
MICT,2.09
MICTW,0.18
MSCC,32.45
MSFT,50.62
MSTR,179.28
MVIS,1.83
MPB,15.5543
MTP,3.67
MCEP,3.02
MBRG,27.29
MBCN,31.5
MSEX,35.79
MOFG,28.46
MIME,7.8
MDXG,7.01
MNDO,2.05
MB,13.58
NERV,4.87
MRTX,16
MIRN,4.22
MSON,4.36
MIND,3.63
MITK,8.88
MITL,6.1
MKSI,37.53
MMAC,16.99
MINI,31.39
MOBL,2.98
MOCO,14.42
MDSY,1.32
MLNK,1.38
MOKO,0.28
MNTA,10.41
MOMO,12.67
MCRI,19.65
MNRK,18.66
MDLZ,43.36
MGI,6.08
MPWR,64.12
TYPE,22.85
MNRO,62.66
MRCC,14.08
MNST,147.9
MHGC,2.16
MORN,82.44
MOSY,0.46
MPAA,28.38
MDM,4.77
MRVC,10.16
MSBF,12.9999
MSG,163.28
MTSC,46.97
LABL,60.79
MFLX,22.24
MFSF,26.82
MYL,41.51
MYOK,12.75
MYOS,1.6
MYRG,23.38
MYGN,34.17
NBRV,8.33
NAKD,1.67
NNDM,6.51
NANO,17.82
NSPH,1.31
NSTG,13.69
NK,6.05
NSSC,5.71
NDAQ,63.62
NTRA,11
NATH,43.09
NAUH,2
NKSH,33.43
FIZZ,52.14
NCMI,13.77
NCOM,23.36
NGHC,21.1
NGHCO,25.95
NGHCP,25.77
NGHCZ,25.22
NHLD,3.05
NATI,27.37
NATL,30.94
NRCIA,14.07
NRCIB,42.03
NSEC,15.46
NWLI,206.47
NAII,12.29
NHTC,33.43
NATR,9.18
BABY,32.86
NAVI,12.69
NBCP,n/a
NBTB,28.42
NCIT,13.67
NKTR,13.84
NEOG,48.4
NEO,8.6
NEON,1.82
NEOS,7.82
NEOT,1.09
NVCN,0.46
NEPT,1.115
UEPS,10.45
NETE,0.2752
NTAP,24.22
NTES,166.81
NFLX,92.49
NTGR,42.55
NLST,1.3
NTCT,23.66
NTWK,6.27
CUR,0.32
NBIX,47.89
NDRM,17.01
NURO,1.59
NUROW,0.25
NSIG,n/a
NYMT,5.58
NYMTO,21.73
NYMTP,21.6699
NLNK,10.22
NWS,12.25
NWSA,11.85
NEWS,7.53
NEWT,12.88
NEWTL,25.135
NEWTZ,25.8999
NXST,49.79
NVET,2.92
NFEC,0.7489
EGOV,18.76
NICE,64.22
NICK,10.64
NCBS,38.86
NIHD,2.98
NVLS,4.4
NMIH,5.99
NNBR,15.39
NDLS,9.44
NORT,n/a
NDSN,75.74
NSYS,3.75
NTK,47.61
NBN,10.92
NTIC,13.95
NTRS,71.88
NTRSP,27.6
NFBK,15.43
NRIM,26.88
NWBI,14.495
NWBO,0.7995
NWBOW,0.51
NWPX,8.91
NCLH,47.21
NWFL,27.63
NVFY,0.61
NVMI,11.43
NVDQ,9.57
NOVT,15.02
MIFI,1.3
NVAX,5.24
NVCR,11.6
NVGN,2.06
NUAN,16.3
NMRX,7.33
NUTR,22.58
NTRI,26.5
NUVA,53.6
NVTR,7.79
QQQX,17.75
NVEE,25.55
NVEC,55.72
NVDA,44.33
NXPI,88.39
NXTM,18.01
NXTD,0.3581
NXTDW,0.22
NYMX,2.3
OIIM,1.41
OVLY,9.44
OASM,4.69
OBCI,2.3301
OPTT,1.47
ORIG,2.22
OSHC,17.43
OCFC,17.815
OCRX,2.55
OCLR,4.37
OFED,19.5001
OCUL,10.9
OCLS,0.97
OCLSW,0.25
OMEX,2.46
ODP,3.43
OFS,13.31
OHAI,2.39
OVBC,21.86
OHRP,3.08
ODFL,63.29
OLBK,17.98
ONB,12.73
OPOF,19.3
OSBC,6.92
OSBCP,10.2999
OLLI,23.22
ZEUS,22.24
OFLX,33.57
OMER,11.5
OMCL,31.02
ON,9.19
OTIV,0.8699
ONSIU,5.2
OGXI,0.89
OMED,12.72
ONTX,0.3977
ONCS,1.68
ONTY,1.11
OHGI,0.72
ONVI,3.6
OTEX,56.4
OPXA,2.14
OPXAW,0.0549
OPGN,1.23
OPGNW,0.126
OPHT,48.32
OBAS,7.4
OCC,2.38
OPHC,4.2
OPB,37.14
ORMP,8.62
OSUR,6.84
ORBC,9.24
ORBK,26.01
ORLY,256.79
OREX,0.4039
SEED,1.68
OESX,1.3
ORIT,16.45
ORRF,19.4
OFIX,43.95
OSIS,50.05
OSIR,5.07
OSN,0.695
OTEL,4.48
OTG,n/a
OTIC,13.76
OTTR,29.04
OUTR,36.91
OVAS,8.67
OSTK,16.27
OXBR,5.2899
OXBRW,0.3636
OXFD,8.81
OXLC,8.81
OXLCN,25.4499
OXLCO,25.02
OXGN,0.5515
PFIN,8.559
PTSI,19.21
PCAR,53.39
PACE,9.61
PACEU,9.85
PACEW,0.4
PACB,9.64
PCBK,16.51
PEIX,4.69
PMBC,7.48
PPBI,23.48
PAAC,10.07
PAACR,0.16
PAACU,10.22
PAACW,0.099
PCRX,43.9
PACW,39.85
PTIE,2.23
PAAS,14.63
PNRA,211.13
PANL,2.4
PZZA,61.01
FRSH,7.7
PRGN,1.53
PRGNL,5.16
PRTK,14.1
PRXL,59.51
PCYG,9.3
PSTB,7.38
PKBK,12.91
PRKR,2.66
PKOH,27.86
PARN,1.57
PTNR,5.1
PBHC,11.7001
PATK,50.94
PNBK,13.83
PATI,20.59
PEGI,20.76
PDCO,45.79
PTEN,17.44
PAVMU,9.6
PAYX,52.03
PCTY,35.68
PYDS,1.57
PYPL,37.53
PBBI,8.5
PCCC,22.88
PCMI,10.05
PCTI,4.45
PDCE,61.48
PDFS,13.13
PDLI,3.17
PDVW,32.96
SKIS,3.15
PGC,18.24
PEGA,25.61
PCO,0.565
PENN,14.55
PFLT,11.96
PNNT,6.26
PWOD,40.73
PTXP,14.75
PEBO,21.42
PEBK,19.16
PFBX,10.56
PFIS,36.43
PBCT,15.42
PUB,16.7
PRCP,4.85
PPHM,0.3901
PPHMP,10.82
PRFT,20.24
PFMT,1.62
PERF,2.6
PERI,1.3
PESI,4.06
PTX,0.4129
PERY,19.27
PGLC,4.46
PETS,18.71
PFSW,12.61
PGTI,10.34
PZRX,5.09
PHII,16.05
PHIIK,16.66
PAHC,18.5
PHMD,0.2817
PLAB,9.26
PICO,8.87
PIRS,1.74
PPC,24.97
PME,1.24
PNK,10.24
PNFP,48.93
PPSI,5.86
PXLW,1.71
PLPM,4.36
PLXS,42.26
PLUG,1.68
PLBC,9.41
PSTI,1.49
PLXP,n/a
PMV,n/a
PBSK,16.28
PNTR,6.39
PCOM,9.2
PLCM,11.07
POOL,88.22
POPE,62.01
PLKI,52.29
BPOP,30.63
BPOPM,20.7
BPOPN,22.07
PBIB,1.87
PTLA,26.11
PBPB,12.5
PCH,34.06
POWL,33.61
POWI,48
PSIX,13.97
PDBC,17.01
DWIN,26.46
DWTR,23.3
IDLB,24.71
PRFZ,94.44
PAGG,22.8644
PSAU,20.43
IPKW,26.9
LDRI,25.22
LALT,22.4786
PNQI,75.49
QQQ,106.47
USLB,25.3301
PSCD,45.74
PSCC,61.58
PSCE,15.55
PSCF,41.52
PSCH,67.77
PSCI,44.25
PSCT,53.1875
PSCM,33.5983
PSCU,44.46
PRAA,26.36
PRAH,45.91
PRAN,3.68
PFBC,31.81
PLPC,40.65
PFBI,16.61
PINC,31.19
LENS,4.89
PRGX,4.72
PSMT,86.68
PBMD,1.01
PNRG,56
PRMW,11.74
PRIM,21.36
PSET,25.01
PY,24.25
PRZM,0.23
PVTB,41.62
PVTBP,27.25
PDEX,3.92
IPDN,0.485
PFIE,0.97
PGNX,4.8
PRGS,25.69
DNAI,5.82
PFPT,55.03
PRPH,1.34
PRQR,3.69
BIB,41.38
UBIO,23.67
TQQQ,94.08
ZBIO,31.9
SQQQ,19.63
BIS,40.58
PSEC,7.46
PRTO,7.16
PTI,10.81
PRTA,42.5
PWX,16.4
PVBC,13.93
PROV,18.22
PBIP,14.87
PSDV,2.86
PMD,13.28
PTC,35.66
PTCT,8
PULM,2.49
PLSE,4.13
PCYO,4.5
PXS,2.31
QADA,19.2
QADB,15.7801
QCRH,25.68
QGEN,21.42
QIWI,12.35
QLIK,30.95
QLGC,13.3
QLTI,1.44
QRVO,49.4
QCOM,54.52
QSII,13.29
QBAK,0.4301
QLYS,29.11
QRHC,0.385
QUIK,1.01
QDEL,16.06
QPAC,9.81
QPACU,9.995
QPACW,0.16
QNST,3.33
QUMU,3.69
QUNR,32.72
QTNT,8.7
RRD,15.64
RADA,0.4174
RDCM,11.29
ROIA,2.2599
ROIAK,2.25
RSYS,4.15
RDUS,33.73
RDNT,5.07
RDWR,10.68
RMBS,11.65
RAND,4.01
RLOG,0.8205
GOLD,89.32
RPD,11.58
RPTP,5.2
RAVE,4.19
RAVN,17.81
ROLL,72.26
RICK,10.95
RCMT,5.28
RLOC,1.65
RDI,13.03
RDIB,12.74
RGSE,0.32
RELY,6.85
RNWK,4.18
RP,21.21
UTES,29.3342
DAX,23.64
QYLD,21.76
RCON,1.19
REPH,6.32
RRGB,48.39
RRR,19.32
RDHL,11.1825
REGN,386
RGNX,12.05
DFVL,71.1
DFVS,26.732
DGLD,52.76
DLBL,80.2005
DLBS,15.831
DSLV,35.59
DTUL,65.68
DTUS,30.91
DTYL,80.01
DTYS,15.25
FLAT,62.9
SLVO,9.77
STPP,31.6
TAPR,24.026
TVIX,3.02
TVIZ,13.22
UGLD,11.65
USLV,15.22
VIIX,20.39
VIIZ,15.47
XIV,28.63
ZIV,38.92
RGLS,5.55
REIS,23.38
RELV,0.62
RLYP,14.96
MARK,4.72
RNST,33.58
REGI,9.58
RNVA,0.63
RNVAW,n/a
RCII,12.44
RTK,2.42
RGEN,24.385
RPRX,2.07
RBCAA,27.52
FRBK,4.48
RSAS,n/a
REFR,3.92
RESN,4.11
REXI,6.46
RECN,15.04
ROIC,20.05
SALE,7.1
RTRX,16.76
RVNC,18.34
RBIO,n/a
RVLT,5.88
RWLK,8.92
REXX,0.6
RFIL,2.31
RGCO,23
RIBT,1.48
RIBTW,0.3
RELL,5.19
RIGL,2.49
NAME,9
RNET,13
RITT,0.272
RITTW,0.04
RTTR,1.6
RVSB,4.69
RLJE,0.5814
RMGN,0.99
ROBO,24.358
FUEL,2.52
RMTI,9.72
RCKY,10.91
RMCF,9.96
RSTI,32.08
ROKA,0.58
ROSG,1.07
ROST,52.49
ROVI,16.48
RBPAA,2.85
RGLD,55.45
RPXC,9.16
RRM,13.07
RTIX,3.75
RBCN,0.68
RUSHA,20.34
RUSHB,19.69
RUTH,16.61
RXII,2.23
RYAAY,79.36
STBA,25.22
SANW,4.26
SBRA,19.81
SBRAP,26.21
SABR,27.85
SAEX,0.5
SAFT,59.37
SAGE,31.21
SGNT,11.87
SAIA,25.17
SAJA,4.6
SALM,6.61
SAL,30.75
SAFM,87.89
SASR,28.08
SGMO,6.27
SANM,25.54
GCVRZ,0.1791
SPNS,10.99
SRPT,19.15
SBFG,10.79
SBFGP,11.3707
SBAC,97.3
SCSC,38.58
SMIT,2.15
SCHN,15.84
SCHL,37.8
SCLN,12.54
SGMS,8.2
SQI,13.29
SNI,62.09
SCYX,3.06
SEAC,3.3
SBCF,16.7
STX,20.41
SHIP,2.5299
SRSC,3.25
SHLD,11.99
SHLDW,5.2
SHOS,5.71
SPNE,10.35
SGEN,38.82
EYES,3.66
SCWX,13.86
SNFCA,4.57
SEIC,49.94
SLCT,8.1
SCSS,22.06
SIGI,35.67
LEDS,1.5
SMLR,1.65
SMTC,21.23
SENEA,30.25
SENEB,33
SNMX,2.24
SRTS,n/a
SQNM,1.05
SQBG,6.82
MCRB,28.9
SREV,3.69
SFBS,49.74
SEV,9.99
SVBI,5.79
SGOC,3.65
SMED,4.23
SHSP,4.13
SHEN,29.63
SHLO,5.25
SCCI,n/a
SHPG,185.7
SCVL,21.27
SHBI,11.58
SHOR,6.22
SFLY,45.6
SIFI,13.94
SIEB,1.19
SIEN,5.98
BSRR,17.08
SWIR,19.26
SIFY,1.18
SIGM,6.91
SGMA,5.62
SGNL,0.4956
SBNY,134.23
SBNYW,111
SLGN,49.32
SILC,25.83
SGI,4.7
SLAB,47.05
SIMO,42.19
SPIL,7.07
SRAQ,10.08
SRAQU,10.35
SRAQW,1.15
SSRI,9.67
SAMG,12.01
SFNC,46.15
SLP,7.61
SINA,45.54
SBGI,30.27
SINO,0.64
SVA,6
SIRI,3.94
SRVA,n/a
SITO,2.83
SZMK,2.52
SKUL,3.58
SKYS,2.85
SKLN,0.1411
MOBI,1.8
SPU,1.9
SKYW,23.7
SWKS,64.56
ISM,24.14
JSM,19.68
OSM,24.53
SLM,6.24
SLMAP,47.25
SLMBP,49.09
SMT,4.76
SMBK,16.01
SWHC,23.15
SMSI,0.6602
SMTX,1.47
LNCE,29.96
SODA,19.07
SOHU,39.46
SLRC,18.53
SUNS,15.6
SCTY,21.94
SEDG,19.41
SONC,29.48
SOFO,6.01
SONS,8.83
SPHS,0.83
SORL,1.71
SRNE,6.14
SOHO,5.03
SOHOL,25.41
SOHOM,25.5034
SFBC,23.6
SSB,70.45
SOCB,13.79
SFST,25.55
SMBC,24.6
SONA,12.02
SBSI,29.6
OKSB,16.26
SP,21.78
SPAN,17.1599
SBSA,3.41
SGRP,1
SPKE,30
ONCE,50.84
SPAR,6.09
SPTN,27.88
SPPI,7.27
ANY,1.02
SPEX,2.06
SPI,6.2
SAVE,42.32
SPLK,52.85
SPOK,16.24
SPWH,n/a
SBPH,10.95
FUND,6.12
SFM,24.77
SPSC,53.44
SSNC,59.79
STAA,5.34
STAF,1.95
STMP,81.58
STLY,2.48
SPLS,8.1
SBLK,0.76
SBLKL,14.378
SBUX,54.62
STRZA,26.38
STRZB,27.5
STFC,20.62
STBZ,21.07
SNC,10.71
STDY,2.83
GASS,4.79
STLD,23.44
SMRT,6.41
SBOT,3.22
STEM,2.94
STML,6.35
STXS,1.19
SRCL,96.41
SRCLP,78.88
STRL,4.48
SHOO,33.06
SSFN,5.75
SYBT,41.55
BANX,16.68
SGBK,30.91
SSKN,0.68
SSYS,20.16
STRT,47.7
STRS,22.81
STRA,45.85
STRM,1.12
SBBP,4.18
STB,4.75
SCMP,11.59
SUMR,1.52
SMMF,18.47
SSBI,14
SMMT,8.2733
SNBC,20.93
SNHY,28.88
SNDE,n/a
SEMI,5.07
SNSS,0.4753
STKL,3.75
SPWR,n/a
RUN,6.11
SBCP,14.76
SSH,0.775
SUNW,2.06
SMCI,25.2
SPCB,3.5
SCON,0.1905
SGC,18.22
SUPN,17.97
SPRT,0.78
SGRY,14.4
SCAI,43.85
SRDX,21.95
SBBX,13.29
SIVB,102.67
SIVBO,26.25
SYKE,29.15
SYMC,16.92
SSRG,13.03
SYNC,2.96
SYNL,7.38
SYNA,64.48
SNCR,34.96
SNDX,13.25
SGYP,3.26
SGYPU,7.89
SGYPW,0.59
ELOS,7.05
SNPS,49.92
SNTA,0.3653
SYNT,43.09
SYMX,0.88
SYUT,4.1
SYPR,0.98
SYRX,0.418
TROW,74.88
TTOO,8.48
TAIT,0.9994
TTWO,36.37
TLMR,19.37
TNDM,6.88
TLF,7.05
TNGO,7.71
TANH,3.2335
TEDU,10.31
TASR,21.7
TATT,6.8266
TAYD,16.35
TCPC,14.56
AMTD,30.79
TEAR,0.71
TECD,66.22
TCCO,2.52
TTGT,7.95
TGLS,11.71
TGEN,4.58
TNAV,4.68
TTEC,26.34
TLGT,5.61
TENX,2.69
GLBL,2.87
TERP,9.34
TRTL,9.94
TRTLU,10.16
TRTLW,0.3
TVIA,2.13
TBNK,25.93
TSRO,43.11
TESO,7.52
TSLA,220.28
TESS,14
TSRA,30.52
TTEK,28.72
TLOG,0.2506
TTPH,4
TCBI,47.09
TCBIL,25.55
TCBIP,25.49
TCBIW,32.19
TXN,58.53
TXRH,44.01
TFSL,18.05
TGTX,7.68
ABCO,32.43
ANDE,34.22
TBBK,5.94
BONT,1.6
CG,16.29
CAKE,48.81
CHEF,15.19
TCFC,21.35
DSGX,19.18
DXYN,3.3
ENSG,20
XONE,9.41
FINL,17.59
FBMS,16.26
FLIC,29.45
GT,27.17
HABT,17.34
HCKT,14.5
HAIN,48.74
CUBA,6.44
INTG,32.35
JYNT,2.88
KEYW,8.18
KHC,82.42
MDCO,36.51
MIK,28.17
MIDD,119.39
NAVG,87.73
STKS,2.45
PCLN,1249.29
PRSC,48.44
BITE,24.6
RMR,29.25
SPNC,16.63
ULTI,197.25
YORW,27.27
NCTY,1.95
TBPH,20.55
TST,1.1
TCRD,10.5
THLD,0.389
TICC,5.29
TTS,17.64
TIL,3.03
TSBK,14.67
TIPT,5.56
TITN,10.81
TTNP,6.34
TIVO,9.93
TMUS,41.7
TMUSP,71.57
TBRA,8.26
TKAI,7
TNXP,2.33
TISA,1.79
TOPS,2.45
TORM          ,4.3234
TRCH,0.69
TSEM,11.75
TWER,0.26
CLUB,3.17
TOWN,21.18
TCON,6.5
TSCO,93.9
TWMC,3.82
TACT,7.26
TRNS,9.49
TBIO,0.52
TGA,1.75
TTHI,0.797
TZOO,7.96
TRVN,6.86
TCBK,27.01
TRIL,9.94
TRS,16.48
TRMB,23.69
TRIB,11.25
TRIP,64.53
TSC,12.92
TBK,15.43
TROV,4.93
TROVU,17.69
TROVW,3.06
TRUE,7.21
THST,1.52
TRST,6.43
TRMK,24.52
TSRI,3.8842
TTMI,6.99
TUBE,12.35
TCX,23.84
TUES,6.53
TOUR,8.99
HEAR,1.06
TUTI,22.2
TUTT,21.545
FOX,28.46
FOXA,28.14
TWIN,9.04
TRCB,10.25
USCR,61.64
PRTS,3.28
USEG,0.354
GROW,1.71
UREE,0.127
UBIC,18.74
UBNT,37.89
UFPT,21.14
ULTA,208.47
UCTT,5.48
RARE,64.01
ULBI,3.81
ULTR,0.2835
UTEK,20.74
UMBF,56.1
UMPQ,15.35
UNAM,11.62
UNIS,3.1
UBSH,26.38
UNB,29.99
UNXL,1.98
QURE,12.03
UBCP,9.33
UBOH,18
UBSI,38.62
UCBA,14.25
UCBI,19.5
UCFC,5.99
UDF,3.2
UBNK,13.05
UFCS,41.61
UIHC,18.03
UNFI,35.65
UNTD,10.85
UBFO,5.4
USBI,8.66
USLM,51.55
UTHR,113.62
UG,17.04
UNTY,11.75
OLED,56.41
UEIC,62.95
UFPI,81.3
ULH,13.4
USAP,11.48
UVSP,19.6
UPIP,5.59
UPLD,7.22
URRE,1.53
URBN,28.48
ECOL,44.19
USAT,4.09
USATP,17.3101
USAK,18.65
USMD,18.6
UTMD,65
UTSI,2
VALX,22.62
VALU,17.56
VNDA,9.595
BBH,105.1
GNRX,23.389
PPH,57.55
VWOB,77.38
VNQI,53.25
VGIT,65.81
VCIT,87.03
VIGI,53.52
VYMI,53.74
VCLT,90.06
VGLT,80.14
VMBS,53.45
VNR,1.5
VNRAP,3.26
VNRBP,2.7505
VNRCP,2.59
VONE,94.059
VONG,100.9899
VONV,87.75
VTWO,88.76
VTWG,95.4001
VTWV,81.24
VTHR,93.78
VCSH,79.98
VGSH,61.06
VTIP,49.03
BNDX,54.57
VXUS,44.64
VRNS,23.03
VDSI,15.95
VBLT,3.23
VASC,38.23
VBIV,4.05
WOOF,64.61
VECO,16.94
APPY,3.66
VRA,15.74
VCYT,5.26
VSTM,1.43
VCEL,2.93
VRNT,32.41
VRSN,83.16
VRSK,77.04
VBTX,15.89
VRML,1.23
VSAR,8.11
VTNR,1.3
VRTX,84.7
VRTB,1.9932
VIA,42.18
VIAB,39.05
VMET,n/a
VSAT,74
VIAV,6.19
VICL,0.361
VICR,9.74
CIZ,29.94
CEZ,24.51
CID,31.8
CIL,33.259
CFO,36.6075
CFA,36.69
CSF,32.61
CDC,37.14
CDL,36.09
CSB,34.32
CSA,33.44
VBND,50.37
VUSE,24.64
VIDI,20.29
VDTH,8.45
VRAY,4.55
VKTX,1.28
VKTXW,0.39
VBFC,23.11
VLGEA,26.01
VIP,3.42
VNOM,18.38
VIRC,3.81
VA,55.52
VIRT,17.4
VRTS,79.22
VRTU,32.49
VISN,8.26
VTGN,3.98
VTAE,7.94
VTL,8.2
VVUS,1.16
VOD,33.67
VLTC,3.37
VOXX,3.08
VYGR,11.83
VSEC,65.26
VTVT,5.27
VUZI,5.2
VWR,27.6
WGBS,0.85
WBA,77.22
WRES,0.106
WAFD,24.38
WAFDW,7.67
WASH,37.25
WFBI,22.02
WSBF,14.3
WVE,15.64
WNFM,n/a
WAYN,12.1501
WSTG,16.8
WDFC,108.22
FLAG,31.0858
WEB,16.8
WBMD,65.96
WB,23
WEBK,19.83
WEN,10.17
WERN,23.56
WSBC,32.06
WTBA,18.2
WSTC,20.45
WMAR,9.15
WABC,46.92
WBB,19.7
WSTL,0.92
WDC,39.56
WFD,7.7
WLB,7.65
WPRT,1.92
WEYS,26.87
WHLR,1.47
WHLRP,20.76
WHLRW,0.03
WHF,10.07
WHFBL,25.2365
WFM,31.52
WILN,2.67
WHLM,7.1
WVVI,7.23
WVVIP,n/a
WLDN,10.2
WLFC,24.68
WLTW,125.57
WIBC,11.03
WIN,7.99
WINT,2.26
WING,25.84
WINA,92.41
WINS,12.42
WTFC,51.44
WTFCM,28.26
WTFCW,28.13
AGND,43.084
AGZD,47.982
HYND,19.24
HYZD,22.44
CXSE,43.8994
EMCG,19.4835
EMCB,67.8057
DGRE,20.2964
DXGE,25.73
WETF,10.87
DXJS,31.1
JGBB,44.79
DXKW,20.2
GULF,17.32
CRDT,73.74
DGRW,30.72
DGRS,27.34
DXPS,23.2966
UBND,47.5
WIX,26.27
WLRH,9.96
WLRHU,10.49
WLRHW,0.53
WMIH,2.34
WBKC,26.6
WWD,55.23
WKHS,6.96
WRLD,41.7
WOWO,3.57
WPCS,1.26
WPPGY,114.72
WMGI,19.1
WMGIZ,1.45
WSFS,34.49
WSFSL,26.6899
WSCI,2.95
WVFC,11.78
WYNN,88.96
XBIT,13.38
XELB,6.18
XCRA,6.01
XNCR,13.03
XBKS,7.5
XENE,6.64
XNPT,4.4
XGTI,0.1145
XGTIW,0.0985
XLNX,44.75
XOMA,0.6799
XPLR,3.2
XCOM,1.69
XTLB,0.97
XNET,5.98
MESG,20.98
YHOO,36.5
YNDX,19.22
YIN,12.74
YOD,1.57
YCB,37.69
YRCW,8.6
YECO,3.69
YY,44.75
ZFGN,6.6
ZAGG,5.46
ZAIS,2
ZBRA,49.93
ZLTQ,25.24
ZHNE,1.12
Z,27.79
ZG,28.3
ZN,1.52
ZNWAA,n/a
ZION,27.17
ZIONW,2.61
ZIONZ,1.047
ZIOP,7.05
ZIXI,3.8
ZGNX,9.4
ZSAN,1.8
ZUMZ,14.92
ZYNE,7.24
ZNGA,2.56
